[
    {
        "id": "no_voltage",
        "name": "Voltage absent",
        "type": "threshold",
        "sensor": "voltage",
        "op": "<=",
        "value": 0,
        "duration": 0
    },
    {
        "id": "shortcircuit",
        "name": "Short-circuit current",
        "type": "threshold",
        "sensor": "current",
        "op": ">=",
        "value": 28,
        "duration": 0.5
    },
    {
        "id": "fluctuations",
        "name": "Voltage fluctuations",
        "type": "threshold_repeat",
        "sensor": "voltage",
        "op": "<",
        "value": 180,
        "duration": 1,
        "repeats": 3
    },
    {
        "id": "overcurrent",
        "name": "Over-current",
        "type": "threshold",
        "sensor": "current",
        "op": ">=",
        "value": 15,
        "duration": 0.5
    },
    {
        "id": "leakage",
        "name": "Current leakage",
        "type": "threshold",
        "sensor": "leakage",
        "op": ">=",
        "value": 15,
        "duration": 0
    },
    {
        "id": "undervoltage",
        "name": "Under-voltage",
        "type": "threshold",
        "sensor": "voltage",
        "op": "<=",
        "value": 180,
        "duration": 0.5
    },
    {
        "id": "shutdown",
        "name": "Shutdown",
        "type": "threshold",
        "sensor": "current",
        "op": ">=",
        "value": 50,
        "duration": 0.5
    },
    {
        "id": "bypass",
        "name": "Bypass",
        "type": "threshold",
        "sensor": "bypass",
        "op": ">=",
        "value": 1,
        "duration": 0.5
    }
]